group,question,mean,SD,N,StdErr
gain,negative_consequences,2.9279012345679014,1.0972428127463205,91,0.1150223002804075
gain,positive_benefits,4.215977011494253,0.7388983940127939,91,0.07745759823217893
loss,negative_consequences,3.549166666666667,1.160431170732686,93,0.12033110691092702
loss,positive_benefits,4.139302325581395,0.7872316210436409,93,0.08163211635865833
