group,question,mean,SD,N,StdErr
gain,negative_consequences,2.921125,1.1024586949408277,90,0.11620935007565886
gain,positive_benefits,4.2230232558139535,0.7402862240852868,90,0.07803301961851017
loss,negative_consequences,3.564878048780488,1.164003567834716,90,0.12269674929733371
loss,positive_benefits,4.149759036144578,0.7981915166962682,90,0.0841367733928175
