group,question,mean,SD,N,StdErr
gain,negative_conseq,2.956909090909091,1.025794854819951,61,0.1313395726623645
gain,positive_benefits,4.053448275862069,0.8334951808954402,61,0.10671812240095689
loss,negative_conseq,3.285,1.1798343882399214,56,0.15766200192599344
loss,positive_benefits,4.066078431372549,0.7124972376967438,56,0.0952114483030018
