group,question,mean,SD,N,StdErr
gain,negative_conseq,3.32,1.1916419455171043,65,0.14780499243758205
gain,positive_benefits,4.243709677419355,0.6131328684151924,65,0.07604977260179847
loss,negative_conseq,3.6224285714285713,1.2204696597933888,80,0.13645265618870298
loss,positive_benefits,4.137466666666667,0.8553616168004592,80,0.09563233602549764
