group,question,mean,SD,N,StdErr
gain,negative_conseq,2.8842857142857143,1.0429165834332101,55,0.14062684342226092
gain,positive_benefits,4.132307692307692,0.7542159034117989,55,0.10169845166956494
loss,negative_conseq,3.3077083333333333,1.1860039101211661,54,0.1613946895968077
loss,positive_benefits,4.048775510204082,0.7162013004184568,54,0.09746265217461018
