group,question,mean,SD,N,StdErr
gain,attitude,4.278677083333333,0.4648877041729343,65,0.05766222300087637
gain,intention,3.933269230769231,0.6484639353328374,65,0.08043205210968213
gain,perception,4.161076923076923,0.6521601679153555,65,0.08089051333703474
loss,attitude,4.3300125,0.5430753029294361,80,0.06071766471257548
loss,intention,4.09457805907173,0.6788469814632518,80,0.07589739984361854
loss,perception,4.331410256410257,0.5762636579984926,80,0.06442823561236598
