group,question,mean,SD,N,StdErr
gain,attitude,4.233620689655172,0.5547011880898153,91,0.058148484438618614
gain,intention,4.076704545454546,0.6436478583810513,91,0.06747262901293928
gain,perception,4.181379310344828,0.6877620809786456,91,0.07209705607622262
loss,attitude,4.2950277777777774,0.5766193942922034,93,0.05979264581257317
loss,intention,4.154487179487179,0.6172694097527628,93,0.06400785605483766
loss,perception,4.286746987951807,0.5422696396014623,93,0.056230742178559334
