group,question,mean,SD,N,StdErr
gain,attitude,4.233620689655172,0.5547011880898153,90,0.058470639172176035
gain,intention,4.076704545454546,0.6436478583810513,90,0.06784644145245397
gain,perception,4.181379310344828,0.6877620809786456,90,0.0724964888063229
loss,attitude,4.312758620689655,0.5711515311626999,90,0.06020465758555899
loss,intention,4.1625946969696965,0.6151901064280096,90,0.06484673101046341
loss,perception,4.30425,0.5014757336027388,90,0.052860183649616345
