group,question,mean,SD,N,StdErr
gain,attitude,4.109281609195402,0.604827002481452,61,0.07744016229689106
gain,intention,4.0095762711864404,0.6381399269755933,61,0.08170544521056104
gain,perception,4.039152542372881,0.7881214857682994,61,0.10090861604585134
loss,attitude,4.24312893081761,0.47715054967263176,56,0.06376192424235175
loss,intention,4.06787037037037,0.6294528935061435,56,0.08411418102191047
loss,perception,4.232,0.4993546856101546,56,0.06672907671547908
