group,question,mean,SD,N,StdErr
gain,attitude,4.148477564102564,0.596529900918114,55,0.08043607543084078
gain,intention,4.046352201257862,0.6270920590247147,55,0.08455707598925079
gain,perception,4.069811320754717,0.7855534319731284,55,0.1059240031587622
loss,attitude,4.2594771241830065,0.4771633473159757,54,0.06493370693792053
loss,intention,4.098846153846154,0.6028450646274723,54,0.08203682234958086
loss,perception,4.251458333333334,0.4957864570487054,54,0.06746799117508981
