group,gf_M,gfSD,gfN,gfStdErr,lf_M,lfSD,lfN,lfStdErr,per_M,perSD,perN,perStdErr,att_M,attSD,attN,attStdErr,int_M,intSD,intN,intStdErr
1,4.243709677419355,0.6131328684151924,65,0.07604977260179847,3.32,1.1916419455171043,65,0.14780499243758205,4.161076923076923,0.6521601679153555,65,0.08089051333703474,4.278677083333333,0.4648877041729343,65,0.05766222300087637,4.278677083333333,0.4648877041729343,65,0.05766222300087637
2,4.137466666666667,0.8553616168004592,80,0.09563233602549764,3.6224285714285713,1.2204696597933888,80,0.13645265618870298,4.331410256410257,0.5762636579984926,80,0.06442823561236598,4.3300125,0.5430753029294361,80,0.06071766471257548,4.3300125,0.5430753029294361,80,0.06071766471257548
