group,gf_M,gfSD,gfN,gfStdErr,lf_M,lfSD,lfN,lfStdErr,per_M,perSD,perN,perStdErr,att_M,attSD,attN,attStdErr,int_M,intSD,intN,intStdErr
gain,4.132307692307692,0.7542159034117989,55,0.10169845166956494,2.8842857142857143,1.0429165834332101,55,0.14062684342226092,4.069811320754717,0.7855534319731284,55,0.1059240031587622,4.148477564102564,0.596529900918114,55,0.08043607543084078,4.148477564102564,0.596529900918114,55,0.08043607543084078
loss,4.048775510204082,0.7162013004184568,54,0.09746265217461018,3.3077083333333333,1.1860039101211661,54,0.1613946895968077,4.251458333333334,0.4957864570487054,54,0.06746799117508981,4.2594771241830065,0.4771633473159757,54,0.06493370693792053,4.2594771241830065,0.4771633473159757,54,0.06493370693792053
