group,gf_M,gfSD,gfN,gfStdErr,lf_M,lfSD,lfN,lfStdErr,per_M,perSD,perN,perStdErr,att_M,attSD,attN,attStdErr,int_M,intSD,intN,intStdErr
gain,4.2230232558139535,0.7402862240852868,90,0.07803301961851017,2.921125,1.1024586949408277,90,0.11620935007565886,4.181379310344828,0.6877620809786456,90,0.0724964888063229,4.233620689655172,0.5547011880898153,90,0.058470639172176035,4.233620689655172,0.5547011880898153,90,0.058470639172176035
loss,4.149759036144578,0.7981915166962682,90,0.0841367733928175,3.564878048780488,1.164003567834716,90,0.12269674929733371,4.30425,0.5014757336027388,90,0.052860183649616345,4.312758620689655,0.5711515311626999,90,0.06020465758555899,4.312758620689655,0.5711515311626999,90,0.06020465758555899
