group,gf_M,gfSD,gfN,gfStdErr,lf_M,lfSD,lfN,lfStdErr,per_M,perSD,perN,perStdErr,att_M,attSD,attN,attStdErr,int_M,intSD,intN,intStdErr
gain,4.053448275862069,0.8334951808954402,61,0.10671812240095689,2.956909090909091,1.025794854819951,61,0.1313395726623645,4.039152542372881,0.7881214857682994,61,0.10090861604585134,4.109281609195402,0.604827002481452,61,0.07744016229689106,4.109281609195402,0.604827002481452,61,0.07744016229689106
loss,4.066078431372549,0.7124972376967438,56,0.0952114483030018,3.285,1.1798343882399214,56,0.15766200192599344,4.232,0.4993546856101546,56,0.06672907671547908,4.24312893081761,0.47715054967263176,56,0.06376192424235175,4.24312893081761,0.47715054967263176,56,0.06376192424235175
