group,per_M,perSD,perN,perStdErr,att_M,attSD,attN,attStdErr,int_M,intSD,intN,intStdErr
1,4.161076923076923,0.6521601679153555,65,0.08089051333703474,4.278677083333333,0.4648877041729343,65,0.05766222300087637,4.278677083333333,0.4648877041729343,65,0.05766222300087637
2,4.331410256410257,0.5762636579984926,80,0.06442823561236598,4.3300125,0.5430753029294361,80,0.06071766471257548,4.3300125,0.5430753029294361,80,0.06071766471257548
