group,gf_M,gfSD,gfN,gfStdErr,lf_M,lfSD,lfN,lfStdErr,per_M,perSD,perN,perStdErr,att_M,attSD,attN,attStdErr,int_M,intSD,intN,intStdErr
gain,4.215977011494253,0.7388983940127939,91,0.07745759823217893,2.9279012345679014,1.0972428127463205,91,0.1150223002804075,4.181379310344828,0.6877620809786456,91,0.07209705607622262,4.233620689655172,0.5547011880898153,91,0.058148484438618614,4.233620689655172,0.5547011880898153,91,0.058148484438618614
loss,4.139302325581395,0.7872316210436409,93,0.08163211635865833,3.549166666666667,1.160431170732686,93,0.12033110691092702,4.286746987951807,0.5422696396014623,93,0.056230742178559334,4.2950277777777774,0.5766193942922034,93,0.05979264581257317,4.2950277777777774,0.5766193942922034,93,0.05979264581257317
